{
  "g0_e": 1.24,
  "g0_mu": 2.0,
  "A_e": 0.2251883391021866,
  "A_mu": 0.5466701795043605,
  "candidates": {
    "C2 gâ‚€^ÎĽĂ—Ď†": {
      "g0_tau": 3.23606797749979,
      "A_tau": null,
      "r31": null
    },
    "C3 gâ‚€^eĂ—Ď†Â˛": {
      "g0_tau": 3.2463621460498695,
      "A_tau": null,
      "r31": null
    },
    "C5 fit inv.": {
      "g0_tau": 2.252449954821646,
      "A_tau": 0.5208140475816723,
      "r31": 28.611930909304856
    },
    "C4 odwrotne": {
      "g0_tau": 1.9959183673469387,
      "A_tau": 0.546713561937756,
      "r31": 34.742078564844306
    }
  },
  "best_candidate": "C4 odwrotne",
  "g0_tau_best": 1.9959183673469387,
  "r31_best": 34.742078564844306,
  "r31_pdg": 3477.15,
  "r21_check": 34.73105256053906
}