softening,lambda_max
9.9999999999999995e-08,2.3234966880586465e+00
3.0000000000000001e-06,2.1676063480194139e+00
1.0000000000000001e-05,2.3853173575574416e+00
