beta,m_sp,t_msp_d,V2,V3,abs_V3_over_V2
0.0100,0.1000,0.3000,-4.9997399884e-01,-2.2066834308e-03,4.4135963789e-03
0.0500,0.2236,0.6708,-4.8925069592e-01,-3.4179879107e-03,6.9861687253e-03
0.1000,0.3162,0.9487,-4.7584656726e-01,-3.2474677518e-03,6.8246110725e-03
0.2000,0.4472,1.3416,-4.4903830995e-01,-2.4676520724e-03,5.4954154638e-03
0.5000,0.7071,2.1213,-3.6861353802e-01,-1.0496303362e-03,2.8475089163e-03
1.0000,1.0000,3.0000,-2.3457225147e-01,-3.2199382125e-04,1.3726850437e-03
