{
  "V0_yukawa": 48.87551495158732,
  "a_yukawa": 1.4295016625736205,
  "E_deuteron_fit": -2.224569999575651,
  "mu_N": 469.45902742357305,
  "m_N": 938.9185,
  "m_pi": 138.039,
  "hbarc": 197.32698,
  "kinetic_prefactor": 41.47107070196814
}