{
  "rho0_star": 1.3445378151260503,
  "v2": 2.6890756302521006,
  "K_ratio": 0.9999997920002186,
  "K0_preserved": true,
  "K_converged": 