{
  "session": "TGP CG-5",
  "v2_cg2": 0.0609,
  "nu_ising": 0.6301,
  "nu_lpa": 0.7487,
  "t_star_ratio": 0.7954718529644293,
  "a_sub_canonical": 0.02240385796734084,
  "a_sub_physical": 9.071907019287773,
  "phi0_obs": 24.66,
  "phi0_cg5": 24.659999999999997,
  "agamma_phi0": 0.9999999999999998,
  "residuum_xi": 4.163336342344337e-17,
  "n_pass": 8,
  "n_total": 8
}