{
  "rho0": 0.5033557046979865,
  "K_ratio": 0.999999999999998,
  "K0_preserved": true,
  "u4": -7.182012282949978e+23,
  "u6": 1.611640135644258e+22,
  "lambda_eff": 2.518187711944153e+26,
  "nu": 0.1886316148267714,
  "theta1": 5.301338277352624,
  "theta_irrel": -0.4471322682779588,
  "converged": false,
  "n_grid": 150,
  "C_d": 0.01688686394038963
}