{
  "alpha_scan": [
    1.5,
    1.5833333333333333,
    1.6666666666666667,
    1.75,
    1.8333333333333333,
    1.9166666666666665,
    2.0,
    2.083333333333333,
    2.1666666666666665,
    2.25,
    2.333333333333333,
    2.4166666666666665,
    2.5,
    2.583333333333333,
    2.6666666666666665,
    2.75,
    2.833333333333333,
    2.9166666666666665,
    3.0,
    3.083333333333333,
    3.1666666666666665,
    3.25,
    3.333333333333333,
    3.4166666666666665,
    3.5
  ],
  "QK_scan": [
    2.093522907756351,
    2.137678704944463,
    2.1189563338740642,
    2.0654816854502376,
    2.0300302135016084,
    1.9687543043527242,
    1.8913545242533927,
    1.811414072766027,
    1.7354835827825723,
    1.6667216152354802,
    1.6165330172257815,
    1.5678617751348705,
    1.5242213001178313,
    1.4867108028288691,
    1.4503126417047703,
    1.4125895611094652,
    1.3760289520313325,
    1.3542622073833452,
    1.3373531074438094,
    1.322247475982566,
    1.3079297036046778,
    1.2939117891890992,
    1.2798203908993706,
    1.2650095405707948,
    1.2468301961228616
  ],
  "r31_scan": [
    100.46082288439676,
    169.37898268522218,
    267.66238907612865,
    387.5019505955483,
    462.04559088447326,
    599.0178303706642,
    801.3583868323735,
    1064.4483162601234,
    1391.2401410005632,
    1783.9327625961173,
    2154.7269604594867,
    2610.263769569623,
    3129.511354222834,
    3690.566549546338,
    4373.112050056626,
    5278.0785921463,
    6425.855235877991,
    7283.232839313091,
    8066.3625678598155,
    8872.282394730986,
    9747.778534415107,
    10731.375216924254,
    11872.294625298358,
    13272.322677667637,
    15345.977713943692
  ],
  "alpha_cross_1d": 2.5538100484495545,
  "alpha2_scan_2d": [
    1.45,
    1.5,
    1.55,
    1.6,
    1.65,
    1.7,
    1.75,
    1.8
  ],
  "alpha3_koide_2d": [
    2.1582126106023143,
    2.2576474928000345,
    2.3832747722818026,
    2.5062846893045183,
    2.6323209542448036,
    2.7360920434908196,
    2.8182894854690006,
    2.8930106578640142
  ],
  "r21_2d": [
    71.81790097035463,
    100.46082288439676,
    138.37918942786894,
    186.6546944895121,
    245.72843336915147,
    314.31925962941796,
    387.5019505955483,
    444.03493875120336
  ],
  "A_e": 0.2988230080780974,
  "A_mu": 1.1331437153179924,
  "r21_computed": 206.76824653771126,
  "QK_at_phi": 2.137678704944463,
  "QK_at_phi2": 1.4867108028288691,
  "QK_at_koide": 1.4867108028288691,
  "dQK_dalpha_at_koide": -0.44345195047836666,
  "conclusion": "Q_K=3/2 jest empirycznym warunkiem, nie FP TGP",
  "tests": [
    {
      "label": "S1: Q_K(α=φ) > 3/2  [dolny koniec zakresu]",
      "status": "PASS",
      "detail": "Q_K(α=1.583) = 2.1377"
    },
    {
      "label": "S2: Q_K(α_Koide) ≈ 3/2  (w skan-tablicy)",
      "status": "PASS",
      "detail": "α_Koide=2.5530,  Q_K(α≈2.583) = 1.4867"
    },
    {
      "label": "S3: Q_K(α=φ²) < 3/2  [φ²-skalowanie poniżej Koide]",
      "status": "PASS",
      "detail": "Q_K(α=2.583) = 1.4867"
    },
    {
      "label": "S4: Q_K(α) monotonicznie malejące",
      "status": "PASS",
      "detail": "Naruszeń monotoniczności: 1/24 (max naruszenie: 0.04416)"
    },
    {
      "label": "S5: Skan wyznacza α_Koide ≈ 2.553",
      "status": "PASS",
      "detail": "α_cross(skan) = 2.5538,  α_Koide = 2.5530,  δ = 0.03%"
    },
    {
      "label": "S6: dQ_K/dα ≠ 0 przy α_Koide  [nie jest fixed point Q_K]",
      "status": "PASS",
      "detail": "dQ_K/dα|α_K = -0.4435  (oczekiwane: < 0)"
    },
    {
      "label": "S7: Krzywa Q_K=3/2 NIE przechodzi przez (φ, φ²)",
      "status": "PASS",
      "detail": "α₂=φ=1.6180: α₃^K = 2.5063,  φ² = 2.6180,  Δ = 4.27%"
    },
    {
      "label": "S8: Raport T-OP1 syntetyczny — wnioski wydrukowane",
      "status": "PASS",
      "detail": "Q_K=3/2 = dodatkowy warunek empiryczny; nie FP TGP"
    }
  ],
  "n_pass": 8,
  "n_total": 8,
  "session": "v42-2026-04-01"
}