beta,lambda_max
2.9999999999999999e-02,1.6207044677749485e+00
5.9999999999999998e-02,1.0004308066354766e+00
1.0000000000000001e-01,1.8762608124700084e+00
