{
  "lambda_star_soliton": 5.501e-06,
  "Phi_0": 24.66,
  "a_Gamma": 0.04,
  "paths": {
    "A_dimensional": {
      "formula": "a_Gamma^2 / Phi_0^2",
      "value": 2.631078696221574e-06,
      "ratio_to_star": 0.4782909827706915,
      "deviation_pct": -52.17090172293085
    },
    "B_Wilson_Fisher": {
      "formula": "|u6*| * v0^6 / (5! * 2^6)",
      "u6_star_GL": -29.24,
      "value": 57.09464343112502,
      "ratio_to_star": 10378957.177081443,
      "deviation_pct": 1037895617.7081443,
      "alt_formula_value": 2.538849349774076e-07,
      "alt_ratio": 0.04615250590390976
    },
    "C_aGamma_Phi0_unity": {
      "formula": "1 / Phi_0^4",
      "value": 2.7041309006683657e-06,
      "ratio_to_star": 0.4915707872511117,
      "deviation_pct": -50.84292127488883
    },
    "D_ERG_mean_field": {
      "formula": "gamma^2 / (16 pi^2 Phi_0^4)",
      "value": 1.7124108973721233e-08,
      "ratio_to_star": 0.0031129083755174025,
      "deviation_pct": -99.68870916244826
    },
    "E_Nf_squared": {
      "formula": "1 / N_f^8",
      "Phi_0_Nf": 25.0,
      "value": 2.56e-06,
      "ratio_to_star": 0.4653699327395019,
      "deviation_pct": -53.46300672604981
    },
    "F_Z2_prefactor": {
      "formula": "2 / Phi_0^4",
      "value": 5.408261801336731e-06,
      "ratio_to_star": 0.9831415745022234,
      "deviation_pct": -1.6858425497776608
    }
  }
}